[
  {
    "baseType": 3,
    "name": "body",
    "defaultValue": "",
    "description": "The body of the notification to send. ",
    "helpText": "",
    "isSystem": false,
    "minLength": 0,
    "maxLength": 20000,
    "validationRegex": "",
    "isValidate": false,
    "uuid": "dfe569d3-ad49-443b-afdb-639863efb380"
  },
  {
    "baseType": 3,
    "name": "close_task_id",
    "defaultValue": "",
    "description": "The tag or task id that is waiting for a response from a user. ",
    "helpText": "",
    "isSystem": false,
    "minLength": 0,
    "maxLength": 2000,
    "validationRegex": "",
    "isValidate": false,
    "uuid": "3f2e3479-82df-4610-9c36-df8176441588"
  },
  {
    "baseType": 3,
    "name": "incident_id",
    "defaultValue": "",
    "description": "The incident or investigation ID",
    "helpText": "",
    "isSystem": false,
    "minLength": 0,
    "maxLength": 30,
    "validationRegex": "",
    "isValidate": false,
    "uuid": "b5e78161-3d0b-49bc-b179-d4f5b602a29b"
  },
  {
    "baseType": 3,
    "name": "subject",
    "defaultValue": "",
    "description": "A brief summary of the notification.",
    "helpText": "",
    "isSystem": false,
    "minLength": 0,
    "maxLength": 200,
    "validationRegex": "",
    "isValidate": false,
    "uuid": "882f523b-6626-4c15-ab98-75dcc400c7a7"
  },
  {
    "baseType": 3,
    "name": "url",
    "defaultValue": "",
    "description": "A link to the incident or investigation.",
    "helpText": "",
    "isSystem": false,
    "minLength": 0,
    "maxLength": 2000,
    "validationRegex": "",
    "isValidate": false,
    "uuid": "2eab35e5-c663-45c7-ac98-9578cfcdd9c7"
  }
]