[
  {
    "baseType": 3,
    "name": "body",
    "defaultValue": "",
    "description": "",
    "helpText": "",
    "isSystem": false,
    "minLength": 0,
    "maxLength": 20000,
    "validationRegex": "",
    "isValidate": false,
    "uuid": "6a8d6481-330b-434a-9c42-309d58d659e0"
  },
  {
    "baseType": 3,
    "name": "close_task_id",
    "defaultValue": "",
    "description": "",
    "helpText": "",
    "isSystem": false,
    "minLength": 0,
    "maxLength": 2000,
    "validationRegex": "",
    "isValidate": false,
    "uuid": "971cd3b5-0f33-4f23-b3f6-4d3a64473d43"
  },
  {
    "baseType": 3,
    "name": "incident_id",
    "defaultValue": "",
    "description": "",
    "helpText": "",
    "isSystem": false,
    "minLength": 0,
    "maxLength": 30,
    "validationRegex": "",
    "isValidate": false,
    "uuid": "7c3716a0-b99f-454e-97c9-b2795eb66623"
  },
  {
    "baseType": 3,
    "name": "parent_playbook_id",
    "defaultValue": "",
    "description": "",
    "helpText": "",
    "isSystem": false,
    "minLength": 0,
    "maxLength": 1000,
    "validationRegex": "",
    "isValidate": false,
    "uuid": "f8360ef6-eca9-4468-82c4-4c05ad8e16c1"
  },
  {
    "baseType": 3,
    "name": "subject",
    "defaultValue": "",
    "description": "",
    "helpText": "",
    "isSystem": false,
    "minLength": 0,
    "maxLength": 200,
    "validationRegex": "",
    "isValidate": false,
    "uuid": "68c49c67-5f25-4ff0-8b76-bd970db6226a"
  },
  {
    "baseType": 3,
    "name": "url",
    "defaultValue": "",
    "description": "",
    "helpText": "",
    "isSystem": false,
    "minLength": 0,
    "maxLength": 2000,
    "validationRegex": "",
    "isValidate": false,
    "uuid": "bde98edc-8356-46d9-8e12-62944c369c1d"
  }
]