{
  "name": "Incident",
  "form": "3ca787f1-868b-4c1c-ab68-85941c3a8f69",
  "blocks": [
    {
      "id": "9fc8830c-4979-4096-90c0-bf98d850ebfe",
      "label": "Complete Task",
      "environment": "HOSTED",
      "presentation": "{}",
      "step": "7ace3d6e-2218-49ff-b1e0-4979ba81d25b",
      "stepType": "INTEGRATION"
    },
    {
      "id": "694a4461-1e77-4788-9612-5bdeb3117079",
      "endpoint": "Cortex XSOAR",
      "label": "Cortex XSOAR - Get Incident",
      "environment": "ONPREMISE",
      "presentation": "{\"w\":60,\"x\":660,\"h\":60,\"y\":490}",
      "step": "67fa221f-251d-4d75-abfa-8a7ce0f55a8c",
      "stepType": "SCRIPT_STEP",
      "inputMappings": [
        {
          "inputPort": "input",
          "mapping": "${constants.Cortex XSOAR API Key}",
          "stepInput": "d20ba495-7fa6-4a26-a64d-403e829ee626"
        },
        {
          "inputPort": "input",
          "mapping": "${2221b17b-02c4-46b2-bba8-98083efe6003.incident_id}",
          "stepInput": "200fb506-d9de-445f-b27c-7c918699312d"
        }
      ]
    },
    {
      "id": "347ca13c-d5c2-4209-a41f-213831e22e91",
      "endpoint": "Cortex XSOAR",
      "label": "Cortex XSOAR - Run Command",
      "environment": "ONPREMISE",
      "presentation": "{\"w\":60,\"x\":220,\"h\":60,\"y\":1029}",
      "step": "d25094a4-9d6e-4b04-b515-9d87eec25d11",
      "stepType": "SCRIPT_STEP",
      "inputMappings": [
        {
          "inputPort": "input",
          "mapping": "${constants.Cortex XSOAR API Key}",
          "stepInput": "b4382aca-1166-47e9-a640-78de8be26ac5"
        },
        {
          "inputPort": "input",
          "mapping": "${event.properties.incident_id}",
          "stepInput": "baf03f8d-75a6-44a0-8daa-85cc4d46a613"
        },
        {
          "inputPort": "input",
          "mapping": "taskComplete",
          "stepInput": "d4d67f00-4cda-44ed-bf83-bc7f977ff192"
        },
        {
          "inputPort": "input",
          "mapping": "id=${event.properties.close_task_id}",
          "stepInput": "0db2ca66-dfe4-417a-8ae1-6640f1c8958b"
        }
      ]
    },
    {
      "id": "dd8874f2-1a08-42f7-84c5-7aa85ff24cd7",
      "label": "Create Event - Incident",
      "environment": "HOSTED",
      "presentation": "{\"w\":60,\"x\":880,\"h\":60,\"y\":490}",
      "step": "3ca787f1-868b-4c1c-ab68-85941c3a8f69",
      "stepType": "CREATE_EVENT",
      "inputMappings": [
        {
          "inputPort": "input",
          "mapping": "${2221b17b-02c4-46b2-bba8-98083efe6003.recipients}",
          "sectionItemKey": "recipients"
        },
        {
          "inputPort": "input",
          "mapping": "https://10.20.35.246/#/incident/${2221b17b-02c4-46b2-bba8-98083efe6003.incident_id}\n",
          "sectionItemKey": "bde98edc-8356-46d9-8e12-62944c369c1d"
        },
        {
          "inputPort": "input",
          "mapping": "${2221b17b-02c4-46b2-bba8-98083efe6003.body}\n\n${694a4461-1e77-4788-9612-5bdeb3117079.details}",
          "sectionItemKey": "6a8d6481-330b-434a-9c42-309d58d659e0"
        },
        {
          "inputPort": "input",
          "mapping": "${2221b17b-02c4-46b2-bba8-98083efe6003.incident_id}",
          "sectionItemKey": "7c3716a0-b99f-454e-97c9-b2795eb66623"
        },
        {
          "inputPort": "input",
          "mapping": "${2221b17b-02c4-46b2-bba8-98083efe6003.subject}",
          "sectionItemKey": "68c49c67-5f25-4ff0-8b76-bd970db6226a"
        }
      ]
    },
    {
      "id": "46a9f2c4-0e20-435b-b643-fe3e0b10a90b",
      "label": "Create Event - Incident",
      "environment": "HOSTED",
      "presentation": "{\"w\":60,\"x\":440,\"h\":60,\"y\":190}",
      "step": "3ca787f1-868b-4c1c-ab68-85941c3a8f69",
      "stepType": "CREATE_EVENT",
      "inputMappings": [
        {
          "inputPort": "input",
          "mapping": "Cortex XSOAR - Complete a Task",
          "sectionItemKey": "68c49c67-5f25-4ff0-8b76-bd970db6226a"
        },
        {
          "inputPort": "input",
          "mapping": "https://10.20.35.246/#/WorkPlan/${2221b17b-02c4-46b2-bba8-98083efe6003.incident_id}",
          "sectionItemKey": "bde98edc-8356-46d9-8e12-62944c369c1d"
        },
        {
          "inputPort": "input",
          "mapping": "${2221b17b-02c4-46b2-bba8-98083efe6003.recipients}",
          "sectionItemKey": "recipients"
        },
        {
          "inputPort": "input",
          "mapping": "A task needs to be completed.",
          "sectionItemKey": "6a8d6481-330b-434a-9c42-309d58d659e0"
        },
        {
          "inputPort": "input",
          "mapping": "${2221b17b-02c4-46b2-bba8-98083efe6003.incident_id}",
          "sectionItemKey": "7c3716a0-b99f-454e-97c9-b2795eb66623"
        },
        {
          "inputPort": "input",
          "mapping": "${2221b17b-02c4-46b2-bba8-98083efe6003.close_task_id}",
          "sectionItemKey": "971cd3b5-0f33-4f23-b3f6-4d3a64473d43"
        }
      ]
    },
    {
      "id": "49cf94f4-cc50-43bf-b2b8-7bcefe59bb27",
      "label": "Create Event - Incident",
      "environment": "HOSTED",
      "presentation": "{\"w\":60,\"x\":660,\"h\":60,\"y\":640}",
      "step": "3ca787f1-868b-4c1c-ab68-85941c3a8f69",
      "stepType": "CREATE_EVENT",
      "inputMappings": [
        {
          "inputPort": "input",
          "mapping": "${2221b17b-02c4-46b2-bba8-98083efe6003.recipients}",
          "sectionItemKey": "recipients"
        },
        {
          "inputPort": "input",
          "mapping": "${2221b17b-02c4-46b2-bba8-98083efe6003.body}",
          "sectionItemKey": "6a8d6481-330b-434a-9c42-309d58d659e0"
        },
        {
          "inputPort": "input",
          "mapping": "${2221b17b-02c4-46b2-bba8-98083efe6003.subject}",
          "sectionItemKey": "68c49c67-5f25-4ff0-8b76-bd970db6226a"
        }
      ]
    },
    {
      "id": "f8560ee7-1012-4b1c-90b9-786d1a06b624",
      "label": "Escalate",
      "environment": "HOSTED",
      "presentation": "{}",
      "step": "7804dd63-0dfa-4c9f-a6d3-baff77c6d00f",
      "stepType": "INTEGRATION"
    },
    {
      "id": "82152ca2-5c82-4183-b80f-c7c817937540",
      "label": "Has Close Task ID",
      "environment": "HOSTED",
      "presentation": "{\"w\":60,\"x\":220,\"h\":60,\"y\":55}",
      "stepType": "SWITCH",
      "inputMappings": [
        {
          "inputPort": "input",
          "mapping": "${2221b17b-02c4-46b2-bba8-98083efe6003.has_close_task_id}"
        }
      ],
      "switchCases": [
        {
          "caseId": "bb6d9902-b47b-45be-a0ef-77a5a80c8903",
          "caseValue": "true"
        }
      ]
    },
    {
      "id": "2d3fc6cb-67b0-402a-a057-d9ee16cdecf5",
      "label": "Has Incident ID",
      "environment": "HOSTED",
      "presentation": "{\"w\":60,\"x\":440,\"h\":60,\"y\":355}",
      "stepType": "SWITCH",
      "inputMappings": [
        {
          "inputPort": "input",
          "mapping": "${2221b17b-02c4-46b2-bba8-98083efe6003.has_incident_id}"
        }
      ],
      "switchCases": [
        {
          "caseId": "6450714e-685b-4cb5-860c-1de02997c722",
          "caseValue": "true"
        }
      ]
    },
    {
      "id": "2221b17b-02c4-46b2-bba8-98083efe6003",
      "label": "Incident - Inbound from Cortex XSOAR",
      "environment": "HOSTED",
      "presentation": "{\"w\":60,\"x\":0,\"h\":60,\"y\":40}",
      "step": "a7ec6b96-3d07-4faf-82a9-4c82b4fde907",
      "stepType": "INTEGRATION"
    },
    {
      "id": "47390534-a30e-4420-ba67-e7c55ead06a5",
      "label": "Responses",
      "environment": "HOSTED",
      "presentation": "{\"w\":100,\"x\":0,\"h\":50,\"y\":873}",
      "stepType": "RESPONSES"
    }
  ],
  "edges": [
    {
      "fromBlock": "82152ca2-5c82-4183-b80f-c7c817937540",
      "fromPort": "output",
      "toBlock": "2d3fc6cb-67b0-402a-a057-d9ee16cdecf5",
      "toPort": "input"
    },
    {
      "fromBlock": "82152ca2-5c82-4183-b80f-c7c817937540",
      "fromPort": "bb6d9902-b47b-45be-a0ef-77a5a80c8903",
      "toBlock": "46a9f2c4-0e20-435b-b643-fe3e0b10a90b",
      "toPort": "input"
    },
    {
      "fromBlock": "9fc8830c-4979-4096-90c0-bf98d850ebfe",
      "fromPort": "output",
      "toBlock": "347ca13c-d5c2-4209-a41f-213831e22e91",
      "toPort": "input"
    },
    {
      "fromBlock": "2221b17b-02c4-46b2-bba8-98083efe6003",
      "fromPort": "output",
      "toBlock": "82152ca2-5c82-4183-b80f-c7c817937540",
      "toPort": "input"
    },
    {
      "fromBlock": "2d3fc6cb-67b0-402a-a057-d9ee16cdecf5",
      "fromPort": "output",
      "toBlock": "49cf94f4-cc50-43bf-b2b8-7bcefe59bb27",
      "toPort": "input"
    },
    {
      "fromBlock": "2d3fc6cb-67b0-402a-a057-d9ee16cdecf5",
      "fromPort": "6450714e-685b-4cb5-860c-1de02997c722",
      "toBlock": "694a4461-1e77-4788-9612-5bdeb3117079",
      "toPort": "input"
    },
    {
      "fromBlock": "694a4461-1e77-4788-9612-5bdeb3117079",
      "fromPort": "output",
      "toBlock": "dd8874f2-1a08-42f7-84c5-7aa85ff24cd7",
      "toPort": "input"
    }
  ]
}