{
  "name": "Incident",
  "description": "",
  "form": "a5f14696-5a1e-455b-b0a8-0320ff671eaa",
  "blocks": [
    {
      "id": "c3048cd8-7b0e-4546-abf2-e979517cf9d5",
      "label": "Any Responses?",
      "environment": "HOSTED",
      "presentation": "{\"w\":60,\"x\":660,\"h\":60,\"y\":1039}",
      "stepType": "SWITCH",
      "inputMappings": [
        {
          "inputPort": "input",
          "mapping": "${911c003b-06ae-49b2-bfd5-6c95ddf3be1d.FoundResponder}"
        }
      ],
      "switchCases": [
        {
          "caseId": "53eb6342-7247-4492-9468-d12931716e85",
          "caseValue": "false"
        }
      ]
    },
    {
      "id": "551f6ea0-c75a-4d94-98d3-4c65050a29be",
      "label": "Ban Host",
      "environment": "HOSTED",
      "presentation": "{}",
      "step": "2071cdcc-6185-49c5-9b6f-3289f53b9d9f",
      "stepType": "INTEGRATION"
    },
    {
      "id": "911c003b-06ae-49b2-bfd5-6c95ddf3be1d",
      "label": "CheckForResponses",
      "environment": "HOSTED",
      "presentation": "{\"w\":60,\"x\":440,\"h\":60,\"y\":1024}",
      "step": "95f9fad8-5428-4dff-9289-b40d873156c0",
      "stepType": "SCRIPT_STEP",
      "inputMappings": [
        {
          "inputPort": "input",
          "mapping": "${event.id}",
          "stepInput": "7f5a6642-c4fb-4e17-8f71-4e53969808f5"
        },
        {
          "inputPort": "input",
          "mapping": "${event.status}",
          "stepInput": "03ae5c3f-a6fd-44b4-b189-7465d675451f"
        }
      ]
    },
    {
      "id": "aff088c2-21f6-4827-a67c-4d201640d97c",
      "endpoint": "Cortex XSOAR",
      "label": "Close playbook if no one responded",
      "environment": "ONPREMISE",
      "presentation": "{\"w\":60,\"x\":880,\"h\":60,\"y\":1174}",
      "step": "4e9404e5-2611-45e4-baf6-b4a4cdd21ca4",
      "stepType": "SCRIPT_STEP",
      "inputMappings": [
        {
          "inputPort": "input",
          "mapping": "${constants.Cortex XSOAR API Key}",
          "stepInput": "ce178ec4-7f73-4a2f-b04d-baef109bf9f8"
        },
        {
          "inputPort": "input",
          "mapping": "${event.properties.incident_id}",
          "stepInput": "4e80d4bd-97f1-46b8-bb02-5174c986acbf"
        },
        {
          "inputPort": "input",
          "mapping": "CloseTaskSetContext",
          "stepInput": "a93b221d-dc22-433a-8e49-04a999c1aa35"
        },
        {
          "inputPort": "input",
          "mapping": "entry_id=\"${event.properties.close_task_id}\" comments=\"TERMINATED - No response\" context_key=\"XMatters.UserResponseOut\"",
          "stepInput": "96710211-eb3d-4b1c-989c-98da447379b9"
        }
      ]
    },
    {
      "id": "3202e1f2-2ab3-4cde-b795-5edd7b327ad2",
      "label": "Complete Task",
      "environment": "HOSTED",
      "presentation": "{}",
      "step": "8ab5d132-0318-48d2-9767-45ba6124f169",
      "stepType": "INTEGRATION"
    },
    {
      "id": "689a2f62-d1c9-48d6-a8b3-174c3454cdb3",
      "endpoint": "Cortex XSOAR",
      "label": "Complete Task and Send Response",
      "environment": "ONPREMISE",
      "presentation": "{\"w\":60,\"x\":220,\"h\":60,\"y\":1713}",
      "step": "4e9404e5-2611-45e4-baf6-b4a4cdd21ca4",
      "stepType": "SCRIPT_STEP",
      "inputMappings": [
        {
          "inputPort": "input",
          "mapping": "${constants.Cortex XSOAR API Key}",
          "stepInput": "ce178ec4-7f73-4a2f-b04d-baef109bf9f8"
        },
        {
          "inputPort": "input",
          "mapping": "${event.properties.incident_id}",
          "stepInput": "4e80d4bd-97f1-46b8-bb02-5174c986acbf"
        },
        {
          "inputPort": "input",
          "mapping": "CloseTaskSetContext",
          "stepInput": "a93b221d-dc22-433a-8e49-04a999c1aa35"
        },
        {
          "inputPort": "input",
          "mapping": "entry_id=\"${event.properties.close_task_id}\" comments=\"${triggerOutputRESPONSE.response.response}\" context_key=\"XMatters.UserResponseOut\" ",
          "stepInput": "96710211-eb3d-4b1c-989c-98da447379b9"
        }
      ]
    },
    {
      "id": "0fd3e0b2-39b3-4bd8-8664-fcba40f7fc8d",
      "endpoint": "Cortex XSOAR",
      "label": "Cortex XSOAR - Get Incident",
      "environment": "ONPREMISE",
      "presentation": "{\"w\":60,\"x\":660,\"h\":60,\"y\":490}",
      "step": "a52cd83d-4049-48cd-a6d1-2be0505ca187",
      "stepType": "SCRIPT_STEP",
      "inputMappings": [
        {
          "inputPort": "input",
          "mapping": "${constants.Cortex XSOAR API Key}",
          "stepInput": "27cd9221-9fba-402a-b0bb-7133e67ead09"
        },
        {
          "inputPort": "input",
          "mapping": "${e9dba82d-8309-48dc-9953-ce8090b24a52.incident_id}",
          "stepInput": "4f40c934-723a-472e-8130-cd23d11390cd"
        }
      ]
    },
    {
      "id": "8bacaf76-a4b5-4df7-8510-f37b695bfce9",
      "label": "Create Event - Incident",
      "environment": "HOSTED",
      "presentation": "{\"w\":60,\"x\":440,\"h\":60,\"y\":190}",
      "step": "a5f14696-5a1e-455b-b0a8-0320ff671eaa",
      "stepType": "CREATE_EVENT",
      "inputMappings": [
        {
          "inputPort": "input",
          "mapping": "${e9dba82d-8309-48dc-9953-ce8090b24a52.recipients}",
          "sectionItemKey": "recipients"
        },
        {
          "inputPort": "input",
          "mapping": "${e9dba82d-8309-48dc-9953-ce8090b24a52.subject}",
          "sectionItemKey": "882f523b-6626-4c15-ab98-75dcc400c7a7"
        },
        {
          "inputPort": "input",
          "mapping": "${e9dba82d-8309-48dc-9953-ce8090b24a52.close_task_id}",
          "sectionItemKey": "3f2e3479-82df-4610-9c36-df8176441588"
        },
        {
          "inputPort": "input",
          "mapping": "${e9dba82d-8309-48dc-9953-ce8090b24a52.incident_id}",
          "sectionItemKey": "b5e78161-3d0b-49bc-b179-d4f5b602a29b"
        },
        {
          "inputPort": "input",
          "mapping": "${e9dba82d-8309-48dc-9953-ce8090b24a52.body}",
          "sectionItemKey": "dfe569d3-ad49-443b-afdb-639863efb380"
        },
        {
          "inputPort": "input",
          "mapping": "${constants.Cortex XSOAR Base URL}/#/WorkPlan/${e9dba82d-8309-48dc-9953-ce8090b24a52.incident_id}",
          "sectionItemKey": "2eab35e5-c663-45c7-ac98-9578cfcdd9c7"
        }
      ]
    },
    {
      "id": "c82387fe-988f-46d8-8277-45c443e0c8e1",
      "label": "Create Event - Incident",
      "environment": "HOSTED",
      "presentation": "{\"w\":60,\"x\":660,\"h\":60,\"y\":640}",
      "step": "a5f14696-5a1e-455b-b0a8-0320ff671eaa",
      "stepType": "CREATE_EVENT",
      "inputMappings": [
        {
          "inputPort": "input",
          "mapping": "${e9dba82d-8309-48dc-9953-ce8090b24a52.body}",
          "sectionItemKey": "dfe569d3-ad49-443b-afdb-639863efb380"
        },
        {
          "inputPort": "input",
          "mapping": "${e9dba82d-8309-48dc-9953-ce8090b24a52.close_task_id}",
          "sectionItemKey": "3f2e3479-82df-4610-9c36-df8176441588"
        },
        {
          "inputPort": "input",
          "mapping": "${e9dba82d-8309-48dc-9953-ce8090b24a52.subject}",
          "sectionItemKey": "882f523b-6626-4c15-ab98-75dcc400c7a7"
        },
        {
          "inputPort": "input",
          "mapping": "${e9dba82d-8309-48dc-9953-ce8090b24a52.recipients}",
          "sectionItemKey": "recipients"
        }
      ]
    },
    {
      "id": "f9927f87-8e1d-426d-b02f-60912c918d44",
      "label": "Create Event - Incident",
      "environment": "HOSTED",
      "presentation": "{\"w\":60,\"x\":880,\"h\":60,\"y\":490}",
      "step": "a5f14696-5a1e-455b-b0a8-0320ff671eaa",
      "stepType": "CREATE_EVENT",
      "inputMappings": [
        {
          "inputPort": "input",
          "mapping": "${e9dba82d-8309-48dc-9953-ce8090b24a52.body}\n\n${0fd3e0b2-39b3-4bd8-8664-fcba40f7fc8d.details}",
          "sectionItemKey": "dfe569d3-ad49-443b-afdb-639863efb380"
        },
        {
          "inputPort": "input",
          "mapping": "${constants.Cortex XSOAR Base URL}/#/WorkPlan/${e9dba82d-8309-48dc-9953-ce8090b24a52.incident_id}\n",
          "sectionItemKey": "2eab35e5-c663-45c7-ac98-9578cfcdd9c7"
        },
        {
          "inputPort": "input",
          "mapping": "${e9dba82d-8309-48dc-9953-ce8090b24a52.incident_id}",
          "sectionItemKey": "b5e78161-3d0b-49bc-b179-d4f5b602a29b"
        },
        {
          "inputPort": "input",
          "mapping": "${e9dba82d-8309-48dc-9953-ce8090b24a52.close_task_id}",
          "sectionItemKey": "3f2e3479-82df-4610-9c36-df8176441588"
        },
        {
          "inputPort": "input",
          "mapping": "${e9dba82d-8309-48dc-9953-ce8090b24a52.recipients}",
          "sectionItemKey": "recipients"
        },
        {
          "inputPort": "input",
          "mapping": "${e9dba82d-8309-48dc-9953-ce8090b24a52.subject}",
          "sectionItemKey": "882f523b-6626-4c15-ab98-75dcc400c7a7"
        }
      ]
    },
    {
      "id": "a2166d45-a6cc-4694-a13d-6aa8fd9a66df",
      "label": "Escalate",
      "environment": "HOSTED",
      "presentation": "{}",
      "step": "24543c44-6b32-4dc6-a650-beb8d688a38e",
      "stepType": "INTEGRATION"
    },
    {
      "id": "dfe444fa-0d5f-43d3-845f-96dc7964cd90",
      "label": "Has Close Task ID",
      "environment": "HOSTED",
      "presentation": "{\"w\":60,\"x\":220,\"h\":60,\"y\":56}",
      "stepType": "SWITCH",
      "inputMappings": [
        {
          "inputPort": "input",
          "mapping": "${e9dba82d-8309-48dc-9953-ce8090b24a52.has_close_task_id}"
        }
      ],
      "switchCases": [
        {
          "caseId": "60804df6-298c-4764-a1a3-639bee69e376",
          "caseValue": "true"
        }
      ]
    },
    {
      "id": "a6d41ec8-6b62-4de3-83ef-d039674479fd",
      "label": "Has Incident ID",
      "environment": "HOSTED",
      "presentation": "{\"w\":60,\"x\":440,\"h\":60,\"y\":356}",
      "stepType": "SWITCH",
      "inputMappings": [
        {
          "inputPort": "input",
          "mapping": "${e9dba82d-8309-48dc-9953-ce8090b24a52.has_incident_id}"
        }
      ],
      "switchCases": [
        {
          "caseId": "0a5250e0-f118-4e01-ac12-d907735fad44",
          "caseValue": "true"
        }
      ]
    },
    {
      "id": "81167448-9f48-4d0d-9e96-f8b36ba6a0d1",
      "label": "Incident - Event Status Updates",
      "environment": "HOSTED",
      "presentation": "{\"w\":60,\"x\":0,\"h\":60,\"y\":874}",
      "step": "3d80873c-cb6e-40a3-aa0c-b0582c43ec85",
      "stepType": "INTEGRATION"
    },
    {
      "id": "e9dba82d-8309-48dc-9953-ce8090b24a52",
      "label": "Incident - Inbound from Cortex XSOAR",
      "environment": "HOSTED",
      "presentation": "{\"w\":60,\"x\":0,\"h\":60,\"y\":40}",
      "step": "e0826f8a-c373-4543-996e-fa1983ba355e",
      "stepType": "INTEGRATION"
    },
    {
      "id": "0df0aa2c-f70b-48d7-b777-d05b8d544ee3",
      "label": "Is Terminated?",
      "environment": "HOSTED",
      "presentation": "{\"w\":60,\"x\":220,\"h\":60,\"y\":889}",
      "stepType": "SWITCH",
      "inputMappings": [
        {
          "inputPort": "input",
          "mapping": "${event.status}"
        }
      ],
      "switchCases": [
        {
          "caseId": "e17d5690-72f7-43b0-bd1e-c43e1ddf1373",
          "caseValue": "TERMINATED"
        }
      ]
    },
    {
      "id": "4ac00fdf-02e9-4c3b-8ed0-368b641b6e9c",
      "label": "Isolate",
      "environment": "HOSTED",
      "presentation": "{}",
      "step": "ce272147-e5ca-45c3-820a-a3a2aa3dd16d",
      "stepType": "INTEGRATION"
    },
    {
      "id": "67ff711b-bfc8-4047-8b10-7f1d0b322f0a",
      "label": "Responses",
      "environment": "HOSTED",
      "presentation": "{\"w\":100,\"x\":0,\"h\":50,\"y\":1558}",
      "stepType": "RESPONSES"
    }
  ],
  "edges": [
    {
      "fromBlock": "81167448-9f48-4d0d-9e96-f8b36ba6a0d1",
      "fromPort": "output",
      "toBlock": "0df0aa2c-f70b-48d7-b777-d05b8d544ee3",
      "toPort": "input"
    },
    {
      "fromBlock": "911c003b-06ae-49b2-bfd5-6c95ddf3be1d",
      "fromPort": "output",
      "toBlock": "c3048cd8-7b0e-4546-abf2-e979517cf9d5",
      "toPort": "input"
    },
    {
      "fromBlock": "a6d41ec8-6b62-4de3-83ef-d039674479fd",
      "fromPort": "output",
      "toBlock": "c82387fe-988f-46d8-8277-45c443e0c8e1",
      "toPort": "input"
    },
    {
      "fromBlock": "a6d41ec8-6b62-4de3-83ef-d039674479fd",
      "fromPort": "0a5250e0-f118-4e01-ac12-d907735fad44",
      "toBlock": "0fd3e0b2-39b3-4bd8-8664-fcba40f7fc8d",
      "toPort": "input"
    },
    {
      "fromBlock": "c3048cd8-7b0e-4546-abf2-e979517cf9d5",
      "fromPort": "53eb6342-7247-4492-9468-d12931716e85",
      "toBlock": "aff088c2-21f6-4827-a67c-4d201640d97c",
      "toPort": "input"
    },
    {
      "fromBlock": "dfe444fa-0d5f-43d3-845f-96dc7964cd90",
      "fromPort": "60804df6-298c-4764-a1a3-639bee69e376",
      "toBlock": "8bacaf76-a4b5-4df7-8510-f37b695bfce9",
      "toPort": "input"
    },
    {
      "fromBlock": "dfe444fa-0d5f-43d3-845f-96dc7964cd90",
      "fromPort": "output",
      "toBlock": "a6d41ec8-6b62-4de3-83ef-d039674479fd",
      "toPort": "input"
    },
    {
      "fromBlock": "e9dba82d-8309-48dc-9953-ce8090b24a52",
      "fromPort": "output",
      "toBlock": "dfe444fa-0d5f-43d3-845f-96dc7964cd90",
      "toPort": "input"
    },
    {
      "fromBlock": "0df0aa2c-f70b-48d7-b777-d05b8d544ee3",
      "fromPort": "e17d5690-72f7-43b0-bd1e-c43e1ddf1373",
      "toBlock": "911c003b-06ae-49b2-bfd5-6c95ddf3be1d",
      "toPort": "input"
    },
    {
      "fromBlock": "0fd3e0b2-39b3-4bd8-8664-fcba40f7fc8d",
      "fromPort": "output",
      "toBlock": "f9927f87-8e1d-426d-b02f-60912c918d44",
      "toPort": "input"
    },
    {
      "fromBlock": "3202e1f2-2ab3-4cde-b795-5edd7b327ad2",
      "fromPort": "output",
      "toBlock": "689a2f62-d1c9-48d6-a8b3-174c3454cdb3",
      "toPort": "input"
    },
    {
      "fromBlock": "4ac00fdf-02e9-4c3b-8ed0-368b641b6e9c",
      "fromPort": "output",
      "toBlock": "689a2f62-d1c9-48d6-a8b3-174c3454cdb3",
      "toPort": "input"
    },
    {
      "fromBlock": "551f6ea0-c75a-4d94-98d3-4c65050a29be",
      "fromPort": "output",
      "toBlock": "689a2f62-d1c9-48d6-a8b3-174c3454cdb3",
      "toPort": "input"
    }
  ]
}