{
  "name": "Steps",
  "form": "e983650d-e23c-4cc0-a4e9-3e2ccde3d624",
  "blocks": [
    {
      "id": "dc81a1a8-72cc-47c4-b000-372714c25bfe",
      "label": "Cortex XSOAR - Create Incident",
      "environment": "HOSTED",
      "presentation": "{\"w\":60,\"x\":220,\"h\":60,\"y\":40}",
      "step": "a2ec434b-2a0d-42b2-8337-eaeac11d4306",
      "stepType": "SCRIPT_STEP",
      "inputMappings": [
        {
          "inputPort": "input",
          "mapping": "true",
          "stepInput": "57403960-54d3-48e1-8179-d3b6c659e4a9"
        }
      ]
    },
    {
      "id": "0c7540f7-9fd1-4208-940f-168c580ff6ae",
      "label": "Cortex XSOAR - Get Incident",
      "environment": "HOSTED",
      "presentation": "{\"w\":60,\"x\":220,\"h\":60,\"y\":260}",
      "step": "67fa221f-251d-4d75-abfa-8a7ce0f55a8c",
      "stepType": "SCRIPT_STEP"
    },
    {
      "id": "58c31caa-2d46-4a41-ad4b-4855e0e2eb1c",
      "label": "Cortex XSOAR - Get Incidents",
      "environment": "HOSTED",
      "presentation": "{\"w\":60,\"x\":220,\"h\":60,\"y\":480}",
      "step": "b123498c-3a18-48d4-bb5b-866dafc75bee",
      "stepType": "SCRIPT_STEP"
    },
    {
      "id": "623b24c2-8f4a-46ef-9c44-f0e40244faaf",
      "label": "Cortex XSOAR - Update Incident",
      "environment": "HOSTED",
      "presentation": "{\"w\":60,\"x\":220,\"h\":60,\"y\":700}",
      "step": "06e35c3a-961f-43e7-bf98-bc6d33fb3803",
      "stepType": "SCRIPT_STEP",
      "inputMappings": [
        {
          "inputPort": "input",
          "mapping": "true",
          "stepInput": "69a2ead8-94f0-4503-8a3c-64bc1fb5f8e6"
        }
      ]
    }
  ]
}