{
  "name": "Steps",
  "description": "",
  "form": "dd50129e-b862-4b59-a4c6-a9646b175214",
  "blocks": [
    {
      "id": "88642213-c0a0-463a-a9a2-cc30a49348a3",
      "label": "Cortex XSOAR - Create Incident",
      "environment": "HOSTED",
      "presentation": "{\"w\":60,\"x\":220,\"h\":60,\"y\":40}",
      "step": "5ad551bc-cfd4-43f3-9446-772e630fd4a9",
      "stepType": "SCRIPT_STEP",
      "inputMappings": [
        {
          "inputPort": "input",
          "mapping": "true",
          "stepInput": "6d644eb6-87e0-4fa3-aa7c-c6ca73aa2bd7"
        }
      ]
    },
    {
      "id": "1867e0c3-28d8-40d1-a298-11172fc280af",
      "label": "Cortex XSOAR - Get Incident",
      "environment": "HOSTED",
      "presentation": "{\"w\":60,\"x\":220,\"h\":60,\"y\":260}",
      "step": "a52cd83d-4049-48cd-a6d1-2be0505ca187",
      "stepType": "SCRIPT_STEP"
    },
    {
      "id": "eb380861-9d0f-4cbe-bb11-c4fb8344a533",
      "label": "Cortex XSOAR - Get Incidents",
      "environment": "HOSTED",
      "presentation": "{\"w\":60,\"x\":220,\"h\":60,\"y\":480}",
      "step": "69a4de7f-3636-48c9-b0cb-49dea2f83b53",
      "stepType": "SCRIPT_STEP"
    },
    {
      "id": "7245f48b-4e53-4817-80e0-18480e3edd14",
      "label": "Cortex XSOAR - Update Incident",
      "environment": "HOSTED",
      "presentation": "{\"w\":60,\"x\":220,\"h\":60,\"y\":700}",
      "step": "a4b63cb7-b182-4f0f-8ed4-dac9f45e04c8",
      "stepType": "SCRIPT_STEP",
      "inputMappings": [
        {
          "inputPort": "input",
          "mapping": "true",
          "stepInput": "8284cdba-de57-4456-ba06-467fbf41f33a"
        }
      ]
    }
  ]
}