{
  "integrations": [
    {
      "id": "2071cdcc-6185-49c5-9b6f-3289f53b9d9f",
      "name": "Incident - Ban Host",
      "action": "RUN_SCRIPT",
      "type": "OUTBOUND_WEBHOOK",
      "triggeredBy": "RESPONSE",
      "responseChoice": "Ban Host",
      "deployed": true,
      "form": "a5f14696-5a1e-455b-b0a8-0320ff671eaa",
      "environment": "HOSTED",
      "authType": "NONE",
      "createdBy": "FLOW"
    },
    {
      "id": "8ab5d132-0318-48d2-9767-45ba6124f169",
      "name": "Incident - Complete Task",
      "action": "RUN_SCRIPT",
      "type": "OUTBOUND_WEBHOOK",
      "triggeredBy": "RESPONSE",
      "responseChoice": "Complete Task",
      "deployed": true,
      "form": "a5f14696-5a1e-455b-b0a8-0320ff671eaa",
      "environment": "HOSTED",
      "authType": "NONE",
      "createdBy": "FLOW"
    },
    {
      "id": "24543c44-6b32-4dc6-a650-beb8d688a38e",
      "name": "Incident - Escalate",
      "action": "RUN_SCRIPT",
      "type": "OUTBOUND_WEBHOOK",
      "triggeredBy": "RESPONSE",
      "responseChoice": "Escalate",
      "deployed": true,
      "form": "a5f14696-5a1e-455b-b0a8-0320ff671eaa",
      "environment": "HOSTED",
      "authType": "NONE",
      "createdBy": "FLOW"
    },
    {
      "id": "3d80873c-cb6e-40a3-aa0c-b0582c43ec85",
      "name": "Incident - Event Status Updates",
      "action": "RUN_SCRIPT",
      "type": "OUTBOUND_WEBHOOK",
      "triggeredBy": "STATUS",
      "deployed": true,
      "form": "a5f14696-5a1e-455b-b0a8-0320ff671eaa",
      "environment": "HOSTED",
      "authType": "NONE",
      "createdBy": "FLOW"
    },
    {
      "id": "e0826f8a-c373-4543-996e-fa1983ba355e",
      "name": "Incident - Inbound from Cortex XSOAR",
      "action": "RUN_SCRIPT",
      "type": "INBOUND_WEBHOOK",
      "deployed": true,
      "form": "a5f14696-5a1e-455b-b0a8-0320ff671eaa",
      "environment": "HOSTED",
      "authType": "BASIC",
      "createdBy": "FLOW",
      "integrationScriptStepUuid": "0bf26238-4292-4694-9e5f-5d97d0b63310"
    },
    {
      "id": "ce272147-e5ca-45c3-820a-a3a2aa3dd16d",
      "name": "Incident - Isolate",
      "action": "RUN_SCRIPT",
      "type": "OUTBOUND_WEBHOOK",
      "triggeredBy": "RESPONSE",
      "responseChoice": "Isolate",
      "deployed": true,
      "form": "a5f14696-5a1e-455b-b0a8-0320ff671eaa",
      "environment": "HOSTED",
      "authType": "NONE",
      "createdBy": "FLOW"
    }
  ],
  "endpoints": [
    {
      "name": "Cortex XSOAR",
      "baseUrl": "https://xsoar-6",
      "type": "EXTERNAL",
      "authentication": "NO_AUTH"
    }
  ],
  "constants": [
    {
      "name": "Cortex XSOAR API Key",
      "value": "API_KEY_HERE",
      "description": "API Key for authenticating into XSOAR."
    },
    {
      "name": "Cortex XSOAR Base URL",
      "value": "https://10.20.35.246/",
      "description": "The base url xsoar is listening on."
    }
  ]
}