{
  "integrations": [
    {
      "id": "f362095f-5c6e-4c06-a34c-b153f847d05b",
      "name": "Incident - Ban Host",
      "action": "RUN_SCRIPT",
      "type": "OUTBOUND_WEBHOOK",
      "triggeredBy": "RESPONSE",
      "responseChoice": "Ban Host",
      "deployed": true,
      "form": "3ca787f1-868b-4c1c-ab68-85941c3a8f69",
      "environment": "HOSTED",
      "authType": "NONE",
      "createdBy": "FLOW"
    },
    {
      "id": "7ace3d6e-2218-49ff-b1e0-4979ba81d25b",
      "name": "Incident - Complete Task",
      "action": "RUN_SCRIPT",
      "type": "OUTBOUND_WEBHOOK",
      "triggeredBy": "RESPONSE",
      "responseChoice": "Complete Task",
      "deployed": true,
      "form": "3ca787f1-868b-4c1c-ab68-85941c3a8f69",
      "environment": "HOSTED",
      "authType": "NONE",
      "createdBy": "FLOW"
    },
    {
      "id": "7804dd63-0dfa-4c9f-a6d3-baff77c6d00f",
      "name": "Incident - Escalate",
      "action": "RUN_SCRIPT",
      "type": "OUTBOUND_WEBHOOK",
      "triggeredBy": "RESPONSE",
      "responseChoice": "Escalate",
      "deployed": true,
      "form": "3ca787f1-868b-4c1c-ab68-85941c3a8f69",
      "environment": "HOSTED",
      "authType": "NONE",
      "createdBy": "FLOW"
    },
    {
      "id": "5b0d641f-a9fc-49f8-931c-0430a94f33c3",
      "name": "Incident - Event Status Updates",
      "action": "RUN_SCRIPT",
      "type": "OUTBOUND_WEBHOOK",
      "triggeredBy": "STATUS",
      "deployed": true,
      "form": "3ca787f1-868b-4c1c-ab68-85941c3a8f69",
      "environment": "HOSTED",
      "authType": "NONE",
      "createdBy": "FLOW"
    },
    {
      "id": "a7ec6b96-3d07-4faf-82a9-4c82b4fde907",
      "name": "Incident - Inbound from Cortex XSOAR",
      "action": "RUN_SCRIPT",
      "type": "INBOUND_WEBHOOK",
      "deployed": true,
      "form": "3ca787f1-868b-4c1c-ab68-85941c3a8f69",
      "environment": "HOSTED",
      "authType": "BASIC",
      "createdBy": "FLOW",
      "integrationScriptStepUuid": "7f9e3662-f423-4126-a8ec-90662deced70"
    },
    {
      "id": "ee8ff64c-43c3-4c97-8379-16915dff578a",
      "name": "Incident - Isolate",
      "action": "RUN_SCRIPT",
      "type": "OUTBOUND_WEBHOOK",
      "triggeredBy": "RESPONSE",
      "responseChoice": "Isolate",
      "deployed": true,
      "form": "3ca787f1-868b-4c1c-ab68-85941c3a8f69",
      "environment": "HOSTED",
      "authType": "NONE",
      "createdBy": "FLOW"
    }
  ],
  "endpoints": [
    {
      "name": "Cortex XSOAR",
      "baseUrl": "https://xsoar-6",
      "type": "EXTERNAL",
      "authentication": "NO_AUTH"
    }
  ],
  "constants": [
    {
      "name": "Cortex XSOAR API Key",
      "value": "DFEE868C4013996B5CFC4FA076AC4303",
      "description": "API Key for authenticating into XSOAR."
    },
    {
      "name": "Cortex XSOAR Base URL",
      "value": "https://10.20.35.246/",
      "description": "The base url xsoar is listening on."
    }
  ]
}