[
  {
    "id": "a2ec434b-2a0d-42b2-8337-eaeac11d4306",
    "name": "Cortex XSOAR - Create Incident",
    "description": "Create an incident in Cortex XSOAR.",
    "icon": "https://s3-xmatters-static.s3.amazonaws.com/null/customers/aa4ff4cd-06da-460c-b2d0-bb34ad66da69/IMAGE__20200827212849631__cortexfavicon.png",
    "script": "var apiRequest = http.request({\n    'endpoint': 'Cortex XSOAR',\n    'path': '/incident',\n    'method': 'POST',\n    'headers': {\n        'authorization': input['API Key']\n    }\n});\n\nrequestBody = {\n    \"name\": input['Name']\n}\n\nrequestBody['createInvestigation'] = (input['createInvestigation'].toLowerCase() == \"true\");\nrequestBody['occurred'] = input['Occurred'];\nrequestBody['owner'] = input['Owner'];\nrequestBody['role'] = input['Role'];\nrequestBody['labels'] = input['Labels'] !== undefined ? JSON.parse(input['Labels']) : undefined;\nrequestBody['phase'] = input['Phase'];\nrequestBody['details'] = input['Details'];\nrequestBody['severity'] = parseInt(input['Severity']);\nrequestBody['type'] = input['Type'];\n\nif (input['Other Fields'] !== undefined) {\n    otherFields = JSON.parse(input['Other Fields']);\n    \n    for (let k in otherFields) {\n        requestBody[k] = otherFields[k];\n    }\n}\n\nvar apiResponse = apiRequest.write(requestBody);\n\nif (apiResponse.statusCode == 200) {\n    var responseBody = JSON.parse(apiResponse.body);\n}\n",
    "endpointAuthType": "NO_AUTH",
    "endpointLabel": "Cortex XSOAR",
    "allowedEnvironment": "BOTH",
    "accessibleByAll": "NotShared",
    "scriptStepType": "USER",
    "inputs": [
      {
        "id": "baf7f63b-294d-448b-90c0-54cbf08ee451",
        "name": "API Key",
        "helpText": "",
        "defaultValue": "",
        "multiline": false,
        "required": true,
        "validationRegex": "",
        "maxLength": 2000,
        "minLength": 0,
        "position": 0
      },
      {
        "id": "dcf4db8e-0bcb-4e86-9da8-0b0d5f439250",
        "name": "Name",
        "helpText": "",
        "defaultValue": "",
        "multiline": false,
        "required": true,
        "validationRegex": "",
        "maxLength": 2000,
        "minLength": 0,
        "position": 1
      },
      {
        "id": "57403960-54d3-48e1-8179-d3b6c659e4a9",
        "name": "createInvestigation",
        "helpText": "(true) start an investigation by running a playbook on the incident. (false) don't start the investigation",
        "defaultValue": "true",
        "multiline": false,
        "required": true,
        "validationRegex": "",
        "maxLength": 5,
        "minLength": 4,
        "position": 2
      },
      {
        "id": "b94da2f2-1db5-4344-b7fb-0e3f05beae13",
        "name": "Occurred",
        "helpText": "Date the incident occurred. Formatted like 2020-01-02T15:04:05Z.",
        "defaultValue": "",
        "multiline": false,
        "required": false,
        "validationRegex": "",
        "maxLength": 2000,
        "minLength": 0,
        "position": 3
      },
      {
        "id": "9d250ae5-e92f-4510-9bd1-c187b3ad6874",
        "name": "Owner",
        "helpText": "",
        "defaultValue": "",
        "multiline": false,
        "required": false,
        "validationRegex": "",
        "maxLength": 2000,
        "minLength": 0,
        "position": 4
      },
      {
        "id": "29cfe9a0-a037-4965-a50b-3028ee6d0447",
        "name": "Role",
        "helpText": "",
        "defaultValue": "",
        "multiline": false,
        "required": false,
        "validationRegex": "",
        "maxLength": 2000,
        "minLength": 0,
        "position": 5
      },
      {
        "id": "6810f7e0-58ae-4996-b3e2-8aa12129c6e2",
        "name": "Labels",
        "helpText": "List of labels. Formatted like: [{\"type\" : \"string\", \"value\" : \"string\"}, {}, ...]",
        "defaultValue": "",
        "multiline": false,
        "required": false,
        "validationRegex": "",
        "maxLength": 2000,
        "minLength": 0,
        "position": 6
      },
      {
        "id": "78bfd71f-0737-4359-97a8-34887f5e180d",
        "name": "Phase",
        "helpText": "",
        "defaultValue": "",
        "multiline": false,
        "required": false,
        "validationRegex": "",
        "maxLength": 2000,
        "minLength": 0,
        "position": 7
      },
      {
        "id": "94a6f85e-231a-4b35-96f7-f3a7d5049b08",
        "name": "Details",
        "helpText": "",
        "defaultValue": "",
        "multiline": false,
        "required": false,
        "validationRegex": "",
        "maxLength": 2000,
        "minLength": 0,
        "position": 8
      },
      {
        "id": "09c54e36-575e-4099-a2f6-cbc0552a415a",
        "name": "Severity",
        "helpText": "Severity is 0(low) - 4(critical)",
        "defaultValue": "",
        "multiline": false,
        "required": false,
        "validationRegex": "",
        "maxLength": 5,
        "minLength": 0,
        "position": 9
      },
      {
        "id": "daf0976a-929e-46e6-9ada-c5d74d049744",
        "name": "Type",
        "helpText": "",
        "defaultValue": "",
        "multiline": false,
        "required": false,
        "validationRegex": "",
        "maxLength": 2000,
        "minLength": 0,
        "position": 10
      },
      {
        "id": "a9ad1c78-e6ae-4f46-ba0b-e24532eab8e0",
        "name": "Other Fields",
        "helpText": "Any other fields that should be included. Written as JSON, i.e. {\"fieldname\":\"value\", \"anotherfieldname\":\"value}",
        "defaultValue": "",
        "multiline": false,
        "required": false,
        "validationRegex": "",
        "maxLength": 20000,
        "minLength": 0,
        "position": 11
      }
    ],
    "outputs": [],
    "libraries": []
  },
  {
    "id": "67fa221f-251d-4d75-abfa-8a7ce0f55a8c",
    "name": "Cortex XSOAR - Get Incident",
    "description": "Get a single incident from Cortex XSOAR.",
    "icon": "https://s3-xmatters-static.s3.amazonaws.com/null/customers/aa4ff4cd-06da-460c-b2d0-bb34ad66da69/IMAGE__20200827212849631__cortexfavicon.png",
    "script": "var apiRequest = http.request({\n    'endpoint': 'Cortex XSOAR',\n    'path': '/incidents/search',\n    'method': 'POST',\n    'headers': {\n        'authorization': input['API Key']\n    }\n});\n\nvar apiResponse = apiRequest.write({\"filter\":{\"query\":\"id:\"+input['id']}});\n\nif (apiResponse.statusCode == 200) {\n    var responseBody = JSON.parse(apiResponse.body);\n    var data = responseBody.data[0]\n    output['type'] = data['type'];\n    output['name'] = data['name'];\n    output['created'] = data['created'];\n    output['occurred'] = data['occurred'];\n    output['closed'] = data['closed'];\n    output['severity'] = data['severity'];\n    output['labels'] = data['labels'];\n    output['details'] = data['details'];\n    output['owner'] = data['owner'];\n    output['dueDate'] = data['dueDate'];\n    output['phase'] = data['phase'];\n    output['json'] = data;\n}\n",
    "endpointAuthType": "NO_AUTH",
    "endpointLabel": "Cortex XSOAR",
    "allowedEnvironment": "BOTH",
    "accessibleByAll": "NotShared",
    "scriptStepType": "USER",
    "inputs": [
      {
        "id": "d20ba495-7fa6-4a26-a64d-403e829ee626",
        "name": "API Key",
        "helpText": "",
        "defaultValue": "",
        "multiline": false,
        "required": true,
        "validationRegex": "",
        "maxLength": 2000,
        "minLength": 0,
        "position": 0
      },
      {
        "id": "200fb506-d9de-445f-b27c-7c918699312d",
        "name": "id",
        "helpText": "Id of the incident to get",
        "defaultValue": "",
        "multiline": false,
        "required": false,
        "validationRegex": "",
        "maxLength": 2000,
        "minLength": 0,
        "position": 1
      }
    ],
    "outputs": [
      {
        "id": "ff223ca5-b1d3-4954-a50c-a939b7eceee0",
        "name": "type",
        "description": "",
        "position": 0
      },
      {
        "id": "0be97f4b-8332-4600-83bf-8f23b1cb42bb",
        "name": "name",
        "description": "",
        "position": 1
      },
      {
        "id": "ca182b7d-a551-467b-8c71-a30f8ac1a4eb",
        "name": "created",
        "description": "",
        "position": 2
      },
      {
        "id": "6556ed20-465e-4857-ad59-d509f3702570",
        "name": "occurred",
        "description": "",
        "position": 3
      },
      {
        "id": "4c0e4c82-aa97-4ae9-a9ff-2262ba589298",
        "name": "closed",
        "description": "",
        "position": 4
      },
      {
        "id": "2717d842-cffd-4929-972f-86f9890ac157",
        "name": "severity",
        "description": "",
        "position": 5
      },
      {
        "id": "49c8648b-c58b-463e-a786-e9352b94e612",
        "name": "labels",
        "description": "",
        "position": 6
      },
      {
        "id": "150132f3-8b78-4c54-931c-a01e43b66972",
        "name": "details",
        "description": "",
        "position": 7
      },
      {
        "id": "e22fedae-d9e7-4d14-9a48-73807a71512e",
        "name": "owner",
        "description": "",
        "position": 8
      },
      {
        "id": "562de28b-49b7-4153-9187-7cb2cbf87188",
        "name": "dueDate",
        "description": "",
        "position": 9
      },
      {
        "id": "dd7897de-ec8a-46c2-9c17-8ff58f10aef7",
        "name": "phase",
        "description": "",
        "position": 10
      },
      {
        "id": "d1cb31a5-9df3-4fec-9436-9b35a5c68424",
        "name": "json",
        "position": 11
      }
    ],
    "libraries": []
  },
  {
    "id": "b123498c-3a18-48d4-bb5b-866dafc75bee",
    "name": "Cortex XSOAR - Get Incidents",
    "description": "Get multiple incidents from Cortex XSOAR.",
    "icon": "https://s3-xmatters-static.s3.amazonaws.com/null/customers/aa4ff4cd-06da-460c-b2d0-bb34ad66da69/IMAGE__20200827212849631__cortexfavicon.png",
    "script": "var apiRequest = http.request({\n    'endpoint': 'Cortex XSOAR',\n    'path': '/incidents/search',\n    'method': 'POST',\n    'headers': {\n        'authorization': input['API Key']\n    }\n});\n\nvar apiResponse = apiRequest.write({\"filter\":{\"query\":input['Query']}});\n\nif (apiResponse.statusCode == 200) {\n    var responseBody = JSON.parse(apiResponse.body);\n    output['data'] = responseBody.data;\n}\n",
    "endpointAuthType": "NO_AUTH",
    "endpointLabel": "Cortex XSOAR",
    "allowedEnvironment": "BOTH",
    "accessibleByAll": "NotShared",
    "scriptStepType": "USER",
    "inputs": [
      {
        "id": "71565509-cc78-4b36-a574-1b9777917847",
        "name": "API Key",
        "helpText": "",
        "defaultValue": "",
        "multiline": false,
        "required": true,
        "validationRegex": "",
        "maxLength": 2000,
        "minLength": 0,
        "position": 0
      },
      {
        "id": "d772dac5-f8e1-43ad-8eaa-552573838b94",
        "name": "Query",
        "helpText": "This query field works the same as the search in Cortex XSOAR",
        "defaultValue": "",
        "multiline": false,
        "required": false,
        "validationRegex": "",
        "maxLength": 2000,
        "minLength": 0,
        "position": 1
      }
    ],
    "outputs": [
      {
        "id": "a6c53d61-af47-469e-8932-1e2229966079",
        "name": "data",
        "description": "",
        "position": 0
      }
    ],
    "libraries": []
  },
  {
    "id": "d25094a4-9d6e-4b04-b515-9d87eec25d11",
    "name": "Cortex XSOAR - Run Command",
    "description": "Complete a task in Cortex XSOAR. Using the /entry API, run a command in XSOAR.",
    "icon": "https://s3-xmatters-static.s3.amazonaws.com/null/customers/aa4ff4cd-06da-460c-b2d0-bb34ad66da69/IMAGE__20200827212849631__cortexfavicon.png",
    "script": "taskID = input['Task ID'];\ncommand = input['Command'];\nparms   = input['Parameters'];\n\nvar apiRequest = http.request({\n    'endpoint': 'Cortex XSOAR',\n    'path': '/entry',\n    'method': 'POST',\n    'headers': {\n        'authorization': input['API Key']\n    }\n});\n\nrequestBody = {\n    \"args\":null,\n    \"data\": \"!\" + command + \" \" + parms,\n    \"id\": \"\",\n    \"investigationId\": input['Incident ID'],\n    \"markdown\": false,\n    \"version\": -1\n}\n\nvar apiResponse = apiRequest.write(requestBody);\n\nif (apiResponse.statusCode == 200) {\n    var responseBody = JSON.parse(apiResponse.body);\n}\n",
    "endpointAuthType": "NO_AUTH",
    "endpointLabel": "Cortex XSOAR",
    "allowedEnvironment": "BOTH",
    "accessibleByAll": "NotShared",
    "scriptStepType": "USER",
    "inputs": [
      {
        "id": "b4382aca-1166-47e9-a640-78de8be26ac5",
        "name": "API Key",
        "helpText": "",
        "defaultValue": "",
        "multiline": false,
        "required": true,
        "validationRegex": "",
        "maxLength": 2000,
        "minLength": 0,
        "position": 0
      },
      {
        "id": "baf03f8d-75a6-44a0-8daa-85cc4d46a613",
        "name": "Incident ID",
        "helpText": "Incident that the investigation is on. Also known as investigation ID.",
        "defaultValue": "",
        "multiline": false,
        "required": true,
        "validationRegex": "",
        "maxLength": 2000,
        "minLength": 0,
        "position": 1
      },
      {
        "id": "d4d67f00-4cda-44ed-bf83-bc7f977ff192",
        "name": "Command",
        "helpText": "The command after the ! to run in XSOAR.",
        "defaultValue": "taskComplete",
        "multiline": false,
        "required": true,
        "validationRegex": "",
        "maxLength": 2000,
        "minLength": 0,
        "position": 2
      },
      {
        "id": "0db2ca66-dfe4-417a-8ae1-6640f1c8958b",
        "name": "Parameters",
        "helpText": "The list of space separated parameters to pass to the Command.",
        "defaultValue": "id=",
        "multiline": false,
        "required": true,
        "maxLength": 20000,
        "minLength": 0,
        "position": 3
      }
    ],
    "outputs": [],
    "libraries": []
  },
  {
    "id": "06e35c3a-961f-43e7-bf98-bc6d33fb3803",
    "name": "Cortex XSOAR - Update Incident",
    "description": "Update an incident in Cortex XSOAR.",
    "icon": "https://s3-xmatters-static.s3.amazonaws.com/null/customers/aa4ff4cd-06da-460c-b2d0-bb34ad66da69/IMAGE__20200827212849631__cortexfavicon.png",
    "script": "// Get the current version\nvar searchRequest = http.request({\n    'endpoint': 'Cortex XSOAR',\n    'path': '/incidents/search',\n    'method': 'POST',\n    'headers': {\n        'authorization': input['API Key']\n    }\n});\n\nvar searchResponse = searchRequest.write({\"filter\":{\"query\":\"id:\" + input['id']}});\n\nif (searchResponse.statusCode == 200) {\n    try {\n        var requestBody = JSON.parse(searchResponse.body).data[0];\n    } catch (e) {\n        throw \"Unable to find the incident\";\n    }\n} else {\n    throw \"Unable to find the incident\";\n}\n\nvar apiRequest = http.request({\n    'endpoint': 'Cortex XSOAR',\n    'path': '/incident',\n    'method': 'POST',\n    'headers': {\n        'authorization': input['API Key']\n    }\n});\n\nrequestBody['name'] = input['Name'] === undefined ? requestBody['name'] : input['Name'];\nrequestBody['createInvestigation'] = (input['createInvestigation'].toLowerCase() == \"true\");\nrequestBody['occurred'] = input['Occurred'] === undefined ? requestBody['occurred'] : input['Occurred'];\nrequestBody['owner'] = input['Owner'] === undefined ? requestBody['owner'] : input['Owner'];\nrequestBody['role'] = input['Role'] === undefined ? requestBody['role'] : input['Role'];\nrequestBody['labels'] = input['Labels'] !== undefined ? JSON.parse(input['Labels']) : undefined;\nrequestBody['phase'] = input['Phase'] === undefined ? requestBody['phase'] : input['Phase'];\nrequestBody['details'] = input['Details'] === undefined ? requestBody['details'] : input['Details'];\nrequestBody['severity'] = input['Severity'] === undefined ? requestBody['severity'] : parseInt(input['Severity']);\nrequestBody['type'] = input['Type'] === undefined ? requestBody['type'] : input['Type'];\nrequestBody['version'] = requestBody['version'];\n\nif (input['Close Incident?'] !== undefined && input['Close Incident?'].toLowerCase() == 'true') {\n    var date = new Date();\n    requestBody['closed'] = date.toISOString();\n    requestBody['closeNotes'] = input['Close Notes'] !== undefined ? input['Close Notes'] : requestBody['closeNotes'];\n    requestBody['closingUserId'] = input['Closing User Id'] !== undefined ? input['Closing User Id'] : requestBody['closingUserId'];\n}\n\nif (input['Other Fields'] !== undefined) {\n    otherFields = JSON.parse(input['Other Fields']);\n    \n    for (let k in otherFields) {\n        requestBody[k] = otherFields[k];\n    }\n}\n\nvar apiResponse = apiRequest.write(requestBody);\n\nif (apiResponse.statusCode == 200) {\n    var responseBody = JSON.parse(apiResponse.body);\n}\n",
    "endpointAuthType": "NO_AUTH",
    "endpointLabel": "Cortex XSOAR",
    "allowedEnvironment": "BOTH",
    "accessibleByAll": "NotShared",
    "scriptStepType": "USER",
    "inputs": [
      {
        "id": "80ba1696-bf7c-4125-be4b-457ed835b4d0",
        "name": "API Key",
        "helpText": "",
        "defaultValue": "",
        "multiline": false,
        "required": true,
        "validationRegex": "",
        "maxLength": 2000,
        "minLength": 0,
        "position": 0
      },
      {
        "id": "519b94d4-76c2-4b24-b5c0-7af6eaca22bf",
        "name": "id",
        "helpText": "ID of the Incident to Update.",
        "defaultValue": "",
        "multiline": false,
        "required": true,
        "validationRegex": "",
        "maxLength": 2000,
        "minLength": 0,
        "position": 1
      },
      {
        "id": "69a2ead8-94f0-4503-8a3c-64bc1fb5f8e6",
        "name": "createInvestigation",
        "helpText": "(true) start an investigation by running a playbook on the incident. (false) don't start the investigation",
        "defaultValue": "true",
        "multiline": false,
        "required": true,
        "validationRegex": "",
        "maxLength": 5,
        "minLength": 4,
        "position": 2
      },
      {
        "id": "5506c396-0da6-404a-953f-024667dc1815",
        "name": "Close Incident?",
        "helpText": "(true) close incident.",
        "defaultValue": "",
        "multiline": false,
        "required": false,
        "maxLength": 2000,
        "minLength": 0,
        "position": 3
      },
      {
        "id": "36041446-64f2-40cc-995c-7461f57dd5b9",
        "name": "Close Notes",
        "helpText": "Notes about why the incident was closed.",
        "defaultValue": "",
        "multiline": false,
        "required": false,
        "maxLength": 2000,
        "minLength": 0,
        "position": 4
      },
      {
        "id": "52c4861a-a188-40ae-909d-aaf131a82707",
        "name": "Closing User Id",
        "helpText": "Id of user who closed the incident",
        "defaultValue": "",
        "multiline": false,
        "required": false,
        "maxLength": 2000,
        "minLength": 0,
        "position": 5
      },
      {
        "id": "a722d687-e01c-4945-93ef-81e0c207e1fd",
        "name": "Name",
        "helpText": "",
        "defaultValue": "",
        "multiline": false,
        "required": false,
        "validationRegex": "",
        "maxLength": 2000,
        "minLength": 0,
        "position": 6
      },
      {
        "id": "6491275b-68f1-4e83-add5-6c9ef6b46ecc",
        "name": "Occurred",
        "helpText": "Date the incident occurred. Formatted like 2020-01-02T15:04:05Z.",
        "defaultValue": "",
        "multiline": false,
        "required": false,
        "validationRegex": "",
        "maxLength": 2000,
        "minLength": 0,
        "position": 7
      },
      {
        "id": "eed61ecf-82af-417c-aae9-89f366e1cdf6",
        "name": "Owner",
        "helpText": "",
        "defaultValue": "",
        "multiline": false,
        "required": false,
        "validationRegex": "",
        "maxLength": 2000,
        "minLength": 0,
        "position": 8
      },
      {
        "id": "3c67a96a-33ac-4d9c-9589-d78d1f3e8dcf",
        "name": "Role",
        "helpText": "",
        "defaultValue": "",
        "multiline": false,
        "required": false,
        "validationRegex": "",
        "maxLength": 2000,
        "minLength": 0,
        "position": 9
      },
      {
        "id": "224c32dc-1cb3-4f5d-8eb6-fd0fb323b04c",
        "name": "Labels",
        "helpText": "List of labels. Formatted like: [{\"type\" : \"string\", \"value\" : \"string\"}, {}, ...],",
        "defaultValue": "",
        "multiline": false,
        "required": false,
        "validationRegex": "",
        "maxLength": 2000,
        "minLength": 0,
        "position": 10
      },
      {
        "id": "d15d30a1-9f97-436c-b4b1-baf58ad7c57c",
        "name": "Phase",
        "helpText": "",
        "defaultValue": "",
        "multiline": false,
        "required": false,
        "validationRegex": "",
        "maxLength": 2000,
        "minLength": 0,
        "position": 11
      },
      {
        "id": "93a2579d-a381-453e-8c0c-eb3a0fd3d694",
        "name": "Details",
        "helpText": "",
        "defaultValue": "",
        "multiline": false,
        "required": false,
        "validationRegex": "",
        "maxLength": 2000,
        "minLength": 0,
        "position": 12
      },
      {
        "id": "d1fc8b54-f14b-4b1f-ab5b-22a061e43dc3",
        "name": "Severity",
        "helpText": "Severity is 0(low) - 4(critical)",
        "defaultValue": "",
        "multiline": false,
        "required": false,
        "validationRegex": "",
        "maxLength": 5,
        "minLength": 0,
        "position": 13
      },
      {
        "id": "3664afcd-7c64-45f5-b4b4-982e4d166855",
        "name": "Type",
        "helpText": "",
        "defaultValue": "",
        "multiline": false,
        "required": false,
        "validationRegex": "",
        "maxLength": 2000,
        "minLength": 0,
        "position": 14
      },
      {
        "id": "7540450a-8aee-4e63-a6f0-f41e82ffa7c0",
        "name": "Other Fields",
        "helpText": "Any other fields that should be included. Written as JSON, i.e. {\"fieldname\":\"value\", \"anotherfieldname\":\"value}",
        "defaultValue": "",
        "multiline": false,
        "required": false,
        "validationRegex": "",
        "maxLength": 20000,
        "minLength": 0,
        "position": 15
      }
    ],
    "outputs": [],
    "libraries": []
  },
  {
    "id": "7f9e3662-f423-4126-a8ec-90662deced70",
    "name": "Inbound from Cortex XSOAR",
    "description": "",
    "icon": "https://s3-xmatters-static.s3.amazonaws.com/null/customers/aa4ff4cd-06da-460c-b2d0-bb34ad66da69/IMAGE__20200827212849631__cortexfavicon.png",
    "script": "var payload = JSON.parse(request.body);  //Use this if the payload is a JSON object in the request body\n\nconsole.log(payload);\noutput['recipients'] = request.parameters.recipients;\noutput['subject'] = request.parameters.subject;\noutput['body'] = request.parameters.body;\n\nif (request.parameters.incident_id !== undefined) {\n    output['incident_id'] = request.parameters.incident_id;\n    output['has_incident_id'] = true;\n} else {\n    output['has_incident_id'] = false;\n}\n\nif (request.parameters.close_task_id !== undefined) {\n    output['close_task_id'] = request.parameters.close_task_id;\n    output['has_close_task_id'] = true;\n} else {\n    output['has_close_task_id'] = false;\n}",
    "allowedEnvironment": "HOSTED",
    "accessibleByAll": "NotShared",
    "triggerAuthType": "BASIC_AUTH",
    "scriptStepType": "CUSTOM_HTTP",
    "inputs": [],
    "outputs": [
      {
        "id": "7d806fd3-b546-4810-a454-737ffc5ae003",
        "name": "recipients",
        "description": "",
        "position": 0
      },
      {
        "id": "9e5e9565-7c71-4f07-890d-275f6a5b5a1f",
        "name": "subject",
        "description": "",
        "position": 1
      },
      {
        "id": "abc5e1a6-f94d-490b-b4de-3dc605e52392",
        "name": "body",
        "description": "",
        "position": 2
      },
      {
        "id": "17179044-1cee-47b5-b0a7-edfad5b22e28",
        "name": "incident_id",
        "position": 3
      },
      {
        "id": "6265559b-6830-4056-9590-287155a3bae6",
        "name": "close_task_id",
        "position": 4
      },
      {
        "id": "f35e5e0b-a2df-4782-892b-b3ea41b05c8c",
        "name": "has_incident_id",
        "position": 5
      },
      {
        "id": "b39da571-8ef9-44ee-9d96-acb341a862c4",
        "name": "has_close_task_id",
        "position": 6
      }
    ],
    "libraries": []
  }
]