[
  {
    "id": "95f9fad8-5428-4dff-9289-b40d873156c0",
    "name": "CheckForResponses",
    "description": "",
    "icon": "/static/images/script_steps/binoculars.svg",
    "script": "var event = input['EventID'];\nvar status = input['Status'];\n\nif (status == \"TERMINATED\") {\n    console.log(\"Infos: \" + event + \" : \" + status);\n\n// Request user deliveries    \n    var apiRequest = http.request({\n        'endpoint': 'xm',\n        'path': '/api/xm/1/events/' + event + \"/user-deliveries?at=2099-12-06T22:00:00.000Z\",\n        'method': 'GET'\n    });\n    // Some times the user-deliveries haven't been \n    // populated, so we get a 404. We'll just try \n    // a couple times more.\n    for( var j=0; j<3; j++) {\n        var apiResponse = apiRequest.write();\n        if (apiResponse.statusCode == 200) {\n           var eventData = JSON.parse(apiResponse.body);\n           \n           console.log(\"Notification total: \" + eventData.total);\n           output['FoundResponder'] = \"false\";\n           var i;\n           for(i=0; i < eventData.count; i++) {\n               console.log(\"Query result for #\" + i + \": \" + eventData.data[i].deliveryStatus)\n               if(eventData.data[i].deliveryStatus == \"RESPONDED\") {\n                   console.log(\"User responded: \" + eventData.data[i].person.targetName);\n                   output['FoundResponder'] = \"true\";\n                   output['ResponderID'] = eventData.data[i].person.targetName;\n                   break;\n               }\n           }\n           \n           break;\n        }\n        \n    }\n}\n\nelse {\n    console.log(\"Nothing to see here! status != EVENT_TERMINATED\");\n    output['FoundResponder'] = \"false\";\n}",
    "endpointAuthType": "XMATTERS",
    "endpointLabel": "xm",
    "allowedEnvironment": "HOSTED",
    "accessibleByAll": "NotShared",
    "scriptStepType": "USER",
    "inputs": [
      {
        "id": "7f5a6642-c4fb-4e17-8f71-4e53969808f5",
        "name": "EventID",
        "helpText": "",
        "defaultValue": "",
        "multiline": false,
        "required": true,
        "validationRegex": "",
        "maxLength": 2000,
        "minLength": 0,
        "position": 0
      },
      {
        "id": "03ae5c3f-a6fd-44b4-b189-7465d675451f",
        "name": "Status",
        "helpText": "",
        "defaultValue": "",
        "multiline": false,
        "required": true,
        "validationRegex": "",
        "maxLength": 2000,
        "minLength": 0,
        "position": 1
      }
    ],
    "outputs": [
      {
        "id": "9c377036-bbf4-4b21-9aaf-db1e3e2d9390",
        "name": "FoundResponder",
        "description": "",
        "position": 0
      },
      {
        "id": "2df40cc9-d5dc-44fb-b6fc-540ebb445e11",
        "name": "ResponderID",
        "description": "",
        "position": 1
      }
    ],
    "libraries": []
  },
  {
    "id": "5ad551bc-cfd4-43f3-9446-772e630fd4a9",
    "name": "Cortex XSOAR - Create Incident",
    "description": "Create an incident in Cortex XSOAR.",
    "icon": "https://s3-xmatters-static.s3.amazonaws.com/null/customers/aa4ff4cd-06da-460c-b2d0-bb34ad66da69/IMAGE__20200827212849631__cortexfavicon.png",
    "script": "var apiRequest = http.request({\n    'endpoint': 'Cortex XSOAR',\n    'path': '/incident',\n    'method': 'POST',\n    'headers': {\n        'authorization': input['API Key']\n    }\n});\n\nrequestBody = {\n    \"name\": input['Name']\n}\n\nrequestBody['createInvestigation'] = (input['createInvestigation'].toLowerCase() == \"true\");\nrequestBody['occurred'] = input['Occurred'];\nrequestBody['owner'] = input['Owner'];\nrequestBody['role'] = input['Role'];\nrequestBody['labels'] = input['Labels'] !== undefined ? JSON.parse(input['Labels']) : undefined;\nrequestBody['phase'] = input['Phase'];\nrequestBody['details'] = input['Details'];\nrequestBody['severity'] = parseInt(input['Severity']);\nrequestBody['type'] = input['Type'];\n\nif (input['Other Fields'] !== undefined) {\n    otherFields = JSON.parse(input['Other Fields']);\n    \n    for (let k in otherFields) {\n        requestBody[k] = otherFields[k];\n    }\n}\n\nvar apiResponse = apiRequest.write(requestBody);\n\nif (apiResponse.statusCode == 200) {\n    var responseBody = JSON.parse(apiResponse.body);\n}\n",
    "endpointAuthType": "NO_AUTH",
    "endpointLabel": "Cortex XSOAR",
    "allowedEnvironment": "BOTH",
    "accessibleByAll": "NotShared",
    "scriptStepType": "USER",
    "inputs": [
      {
        "id": "9f79ffc0-5a54-437a-967b-f5a7ccc3acde",
        "name": "API Key",
        "helpText": "",
        "defaultValue": "",
        "multiline": false,
        "required": true,
        "validationRegex": "",
        "maxLength": 2000,
        "minLength": 0,
        "position": 0
      },
      {
        "id": "3f32fe17-3770-468a-990c-0fbfeed58e01",
        "name": "Name",
        "helpText": "",
        "defaultValue": "",
        "multiline": false,
        "required": true,
        "validationRegex": "",
        "maxLength": 2000,
        "minLength": 0,
        "position": 1
      },
      {
        "id": "6d644eb6-87e0-4fa3-aa7c-c6ca73aa2bd7",
        "name": "createInvestigation",
        "helpText": "(true) start an investigation by running a playbook on the incident. (false) don't start the investigation",
        "defaultValue": "true",
        "multiline": false,
        "required": true,
        "validationRegex": "",
        "maxLength": 5,
        "minLength": 4,
        "position": 2
      },
      {
        "id": "70a9d9da-4893-4792-94d0-fa41c5aa3b29",
        "name": "Occurred",
        "helpText": "Date the incident occurred. Formatted like 2020-01-02T15:04:05Z.",
        "defaultValue": "",
        "multiline": false,
        "required": false,
        "validationRegex": "",
        "maxLength": 2000,
        "minLength": 0,
        "position": 3
      },
      {
        "id": "b5d9f272-29b3-4c70-ba63-6b9f9d55a69d",
        "name": "Owner",
        "helpText": "",
        "defaultValue": "",
        "multiline": false,
        "required": false,
        "validationRegex": "",
        "maxLength": 2000,
        "minLength": 0,
        "position": 4
      },
      {
        "id": "45a75c10-8768-4860-bd41-fc4c435e0536",
        "name": "Role",
        "helpText": "",
        "defaultValue": "",
        "multiline": false,
        "required": false,
        "validationRegex": "",
        "maxLength": 2000,
        "minLength": 0,
        "position": 5
      },
      {
        "id": "a96dd8e2-2513-44f7-9550-da658333c1f7",
        "name": "Labels",
        "helpText": "List of labels. Formatted like: [{\"type\" : \"string\", \"value\" : \"string\"}, {}, ...]",
        "defaultValue": "",
        "multiline": false,
        "required": false,
        "validationRegex": "",
        "maxLength": 2000,
        "minLength": 0,
        "position": 6
      },
      {
        "id": "dec3e939-fa49-4a3d-bdc8-a56da4a77f16",
        "name": "Phase",
        "helpText": "",
        "defaultValue": "",
        "multiline": false,
        "required": false,
        "validationRegex": "",
        "maxLength": 2000,
        "minLength": 0,
        "position": 7
      },
      {
        "id": "ec87b110-1225-4a7d-9d39-61c5a0a42057",
        "name": "Details",
        "helpText": "",
        "defaultValue": "",
        "multiline": false,
        "required": false,
        "validationRegex": "",
        "maxLength": 2000,
        "minLength": 0,
        "position": 8
      },
      {
        "id": "dc3baff1-a13e-4879-a83a-8d0b353e6f6e",
        "name": "Severity",
        "helpText": "Severity is 0(low) - 4(critical)",
        "defaultValue": "",
        "multiline": false,
        "required": false,
        "validationRegex": "",
        "maxLength": 5,
        "minLength": 0,
        "position": 9
      },
      {
        "id": "401ed76b-44e6-49a3-bc4f-8ddd88f84690",
        "name": "Type",
        "helpText": "",
        "defaultValue": "",
        "multiline": false,
        "required": false,
        "validationRegex": "",
        "maxLength": 2000,
        "minLength": 0,
        "position": 10
      },
      {
        "id": "f2f80be2-1aa8-4856-89fb-8c7076d1d57b",
        "name": "Other Fields",
        "helpText": "Any other fields that should be included. Written as JSON, i.e. {\"fieldname\":\"value\", \"anotherfieldname\":\"value}",
        "defaultValue": "",
        "multiline": false,
        "required": false,
        "validationRegex": "",
        "maxLength": 20000,
        "minLength": 0,
        "position": 11
      }
    ],
    "outputs": [],
    "libraries": []
  },
  {
    "id": "a52cd83d-4049-48cd-a6d1-2be0505ca187",
    "name": "Cortex XSOAR - Get Incident",
    "description": "Get a single incident from Cortex XSOAR.",
    "icon": "https://s3-xmatters-static.s3.amazonaws.com/null/customers/aa4ff4cd-06da-460c-b2d0-bb34ad66da69/IMAGE__20200827212849631__cortexfavicon.png",
    "script": "var apiRequest = http.request({\n    'endpoint': 'Cortex XSOAR',\n    'path': '/incidents/search',\n    'method': 'POST',\n    'headers': {\n        'authorization': input['API Key']\n    }\n});\n\nvar apiResponse = apiRequest.write({\"filter\":{\"query\":\"id:\"+input['id']}});\n\nif (apiResponse.statusCode == 200) {\n    var responseBody = JSON.parse(apiResponse.body);\n    var data = responseBody.data[0]\n    output['type'] = data['type'];\n    output['name'] = data['name'];\n    output['created'] = data['created'];\n    output['occurred'] = data['occurred'];\n    output['closed'] = data['closed'];\n    output['severity'] = data['severity'];\n    output['labels'] = data['labels'];\n    output['details'] = data['details'];\n    output['owner'] = data['owner'];\n    output['dueDate'] = data['dueDate'];\n    output['phase'] = data['phase'];\n    output['json'] = data;\n}\n",
    "endpointAuthType": "NO_AUTH",
    "endpointLabel": "Cortex XSOAR",
    "allowedEnvironment": "BOTH",
    "accessibleByAll": "NotShared",
    "scriptStepType": "USER",
    "inputs": [
      {
        "id": "27cd9221-9fba-402a-b0bb-7133e67ead09",
        "name": "API Key",
        "helpText": "",
        "defaultValue": "",
        "multiline": false,
        "required": true,
        "validationRegex": "",
        "maxLength": 2000,
        "minLength": 0,
        "position": 0
      },
      {
        "id": "4f40c934-723a-472e-8130-cd23d11390cd",
        "name": "id",
        "helpText": "Id of the incident to get",
        "defaultValue": "",
        "multiline": false,
        "required": false,
        "validationRegex": "",
        "maxLength": 2000,
        "minLength": 0,
        "position": 1
      }
    ],
    "outputs": [
      {
        "id": "97855ea6-0a5b-4e1c-b9e6-37d043976bbd",
        "name": "type",
        "description": "",
        "position": 0
      },
      {
        "id": "7062ec4f-be82-4d41-b1c6-0f17a53fdf3e",
        "name": "name",
        "description": "",
        "position": 1
      },
      {
        "id": "69fe8303-04c9-448e-a82c-4343014e1a71",
        "name": "created",
        "description": "",
        "position": 2
      },
      {
        "id": "68f8282f-5dfc-415d-8406-8e9ce060cae1",
        "name": "occurred",
        "description": "",
        "position": 3
      },
      {
        "id": "9a7eebd2-18ba-42f3-9b7a-056e1714dcb9",
        "name": "closed",
        "description": "",
        "position": 4
      },
      {
        "id": "49fc1111-32dd-4e55-992e-2dc3a0dc9bd2",
        "name": "severity",
        "description": "",
        "position": 5
      },
      {
        "id": "54687af2-2431-4b97-bb8a-e0db5a0a5a5f",
        "name": "labels",
        "description": "",
        "position": 6
      },
      {
        "id": "3c3cee30-99e4-4b08-8e64-542545b30697",
        "name": "details",
        "description": "",
        "position": 7
      },
      {
        "id": "bc1b32a8-67b5-4187-a4b7-fa9368be6e82",
        "name": "owner",
        "description": "",
        "position": 8
      },
      {
        "id": "76cf0ccf-d431-4e34-bf63-f9a2c071d581",
        "name": "dueDate",
        "description": "",
        "position": 9
      },
      {
        "id": "64065b1f-b3b2-4490-8267-bf9937dd20db",
        "name": "phase",
        "description": "",
        "position": 10
      },
      {
        "id": "6ccace08-7923-4606-8113-6ec7247e9eb2",
        "name": "json",
        "description": "",
        "position": 11
      }
    ],
    "libraries": []
  },
  {
    "id": "69a4de7f-3636-48c9-b0cb-49dea2f83b53",
    "name": "Cortex XSOAR - Get Incidents",
    "description": "Get multiple incidents from Cortex XSOAR.",
    "icon": "https://s3-xmatters-static.s3.amazonaws.com/null/customers/aa4ff4cd-06da-460c-b2d0-bb34ad66da69/IMAGE__20200827212849631__cortexfavicon.png",
    "script": "var apiRequest = http.request({\n    'endpoint': 'Cortex XSOAR',\n    'path': '/incidents/search',\n    'method': 'POST',\n    'headers': {\n        'authorization': input['API Key']\n    }\n});\n\nvar apiResponse = apiRequest.write({\"filter\":{\"query\":input['Query']}});\n\nif (apiResponse.statusCode == 200) {\n    var responseBody = JSON.parse(apiResponse.body);\n    output['data'] = responseBody.data;\n}\n",
    "endpointAuthType": "NO_AUTH",
    "endpointLabel": "Cortex XSOAR",
    "allowedEnvironment": "BOTH",
    "accessibleByAll": "NotShared",
    "scriptStepType": "USER",
    "inputs": [
      {
        "id": "90c394ad-db57-4539-b658-bd66ed373d49",
        "name": "API Key",
        "helpText": "",
        "defaultValue": "",
        "multiline": false,
        "required": true,
        "validationRegex": "",
        "maxLength": 2000,
        "minLength": 0,
        "position": 0
      },
      {
        "id": "30f71dcf-9a02-40cc-b72d-97df65d7a811",
        "name": "Query",
        "helpText": "This query field works the same as the search in Cortex XSOAR",
        "defaultValue": "",
        "multiline": false,
        "required": false,
        "validationRegex": "",
        "maxLength": 2000,
        "minLength": 0,
        "position": 1
      }
    ],
    "outputs": [
      {
        "id": "0cfef156-ca19-4133-a379-839677238c6c",
        "name": "data",
        "description": "",
        "position": 0
      }
    ],
    "libraries": []
  },
  {
    "id": "4e9404e5-2611-45e4-baf6-b4a4cdd21ca4",
    "name": "Cortex XSOAR - Run Command",
    "description": "Complete a task in Cortex XSOAR. Using the /entry API, run a command in XSOAR.",
    "icon": "https://s3-xmatters-static.s3.amazonaws.com/null/customers/aa4ff4cd-06da-460c-b2d0-bb34ad66da69/IMAGE__20200827212849631__cortexfavicon.png",
    "script": "taskID = input['Task ID'];\ncommand = input['Command'];\nparms   = input['Parameters'];\n\nvar apiRequest = http.request({\n    'endpoint': 'Cortex XSOAR',\n    'path': '/entry',\n    'method': 'POST',\n    'headers': {\n        'authorization': input['API Key']\n    }\n});\n\nrequestBody = {\n    \"args\":null,\n    \"data\": \"!\" + command + \" \" + parms,\n    \"id\": \"\",\n    \"investigationId\": input['Incident ID'],\n    \"markdown\": false,\n    \"version\": -1\n}\n\nvar apiResponse = apiRequest.write(requestBody);\n\nif (apiResponse.statusCode == 200) {\n    var responseBody = JSON.parse(apiResponse.body);\n}\n",
    "endpointAuthType": "NO_AUTH",
    "endpointLabel": "Cortex XSOAR",
    "allowedEnvironment": "BOTH",
    "accessibleByAll": "NotShared",
    "scriptStepType": "USER",
    "inputs": [
      {
        "id": "ce178ec4-7f73-4a2f-b04d-baef109bf9f8",
        "name": "API Key",
        "helpText": "",
        "defaultValue": "",
        "multiline": false,
        "required": true,
        "validationRegex": "",
        "maxLength": 2000,
        "minLength": 0,
        "position": 0
      },
      {
        "id": "4e80d4bd-97f1-46b8-bb02-5174c986acbf",
        "name": "Incident ID",
        "helpText": "Incident that the investigation is on. Also known as investigation ID.",
        "defaultValue": "",
        "multiline": false,
        "required": true,
        "validationRegex": "",
        "maxLength": 2000,
        "minLength": 0,
        "position": 1
      },
      {
        "id": "a93b221d-dc22-433a-8e49-04a999c1aa35",
        "name": "Command",
        "helpText": "The command after the ! to run in XSOAR.",
        "defaultValue": "taskComplete",
        "multiline": false,
        "required": true,
        "validationRegex": "",
        "maxLength": 2000,
        "minLength": 0,
        "position": 2
      },
      {
        "id": "96710211-eb3d-4b1c-989c-98da447379b9",
        "name": "Parameters",
        "helpText": "The list of space separated parameters to pass to the Command.",
        "defaultValue": "id=",
        "multiline": false,
        "required": true,
        "validationRegex": "",
        "maxLength": 20000,
        "minLength": 0,
        "position": 3
      }
    ],
    "outputs": [],
    "libraries": []
  },
  {
    "id": "a4b63cb7-b182-4f0f-8ed4-dac9f45e04c8",
    "name": "Cortex XSOAR - Update Incident",
    "description": "Update an incident in Cortex XSOAR.",
    "icon": "https://s3-xmatters-static.s3.amazonaws.com/null/customers/aa4ff4cd-06da-460c-b2d0-bb34ad66da69/IMAGE__20200827212849631__cortexfavicon.png",
    "script": "// Get the current version\nvar searchRequest = http.request({\n    'endpoint': 'Cortex XSOAR',\n    'path': '/incidents/search',\n    'method': 'POST',\n    'headers': {\n        'authorization': input['API Key']\n    }\n});\n\nvar searchResponse = searchRequest.write({\"filter\":{\"query\":\"id:\" + input['id']}});\n\nif (searchResponse.statusCode == 200) {\n    try {\n        var requestBody = JSON.parse(searchResponse.body).data[0];\n    } catch (e) {\n        throw \"Unable to find the incident\";\n    }\n} else {\n    throw \"Unable to find the incident\";\n}\n\nvar apiRequest = http.request({\n    'endpoint': 'Cortex XSOAR',\n    'path': '/incident',\n    'method': 'POST',\n    'headers': {\n        'authorization': input['API Key']\n    }\n});\n\nrequestBody['name'] = input['Name'] === undefined ? requestBody['name'] : input['Name'];\nrequestBody['createInvestigation'] = (input['createInvestigation'].toLowerCase() == \"true\");\nrequestBody['occurred'] = input['Occurred'] === undefined ? requestBody['occurred'] : input['Occurred'];\nrequestBody['owner'] = input['Owner'] === undefined ? requestBody['owner'] : input['Owner'];\nrequestBody['role'] = input['Role'] === undefined ? requestBody['role'] : input['Role'];\nrequestBody['labels'] = input['Labels'] !== undefined ? JSON.parse(input['Labels']) : undefined;\nrequestBody['phase'] = input['Phase'] === undefined ? requestBody['phase'] : input['Phase'];\nrequestBody['details'] = input['Details'] === undefined ? requestBody['details'] : input['Details'];\nrequestBody['severity'] = input['Severity'] === undefined ? requestBody['severity'] : parseInt(input['Severity']);\nrequestBody['type'] = input['Type'] === undefined ? requestBody['type'] : input['Type'];\nrequestBody['version'] = requestBody['version'];\n\nif (input['Close Incident?'] !== undefined && input['Close Incident?'].toLowerCase() == 'true') {\n    var date = new Date();\n    requestBody['closed'] = date.toISOString();\n    requestBody['closeNotes'] = input['Close Notes'] !== undefined ? input['Close Notes'] : requestBody['closeNotes'];\n    requestBody['closingUserId'] = input['Closing User Id'] !== undefined ? input['Closing User Id'] : requestBody['closingUserId'];\n}\n\nif (input['Other Fields'] !== undefined) {\n    otherFields = JSON.parse(input['Other Fields']);\n    \n    for (let k in otherFields) {\n        requestBody[k] = otherFields[k];\n    }\n}\n\nvar apiResponse = apiRequest.write(requestBody);\n\nif (apiResponse.statusCode == 200) {\n    var responseBody = JSON.parse(apiResponse.body);\n}\n",
    "endpointAuthType": "NO_AUTH",
    "endpointLabel": "Cortex XSOAR",
    "allowedEnvironment": "BOTH",
    "accessibleByAll": "NotShared",
    "scriptStepType": "USER",
    "inputs": [
      {
        "id": "f4878a4f-8ed5-44d1-bc7f-07b175da3549",
        "name": "API Key",
        "helpText": "",
        "defaultValue": "",
        "multiline": false,
        "required": true,
        "validationRegex": "",
        "maxLength": 2000,
        "minLength": 0,
        "position": 0
      },
      {
        "id": "96ee906a-0b84-4026-bc26-c102cbea4712",
        "name": "id",
        "helpText": "ID of the Incident to Update.",
        "defaultValue": "",
        "multiline": false,
        "required": true,
        "validationRegex": "",
        "maxLength": 2000,
        "minLength": 0,
        "position": 1
      },
      {
        "id": "8284cdba-de57-4456-ba06-467fbf41f33a",
        "name": "createInvestigation",
        "helpText": "(true) start an investigation by running a playbook on the incident. (false) don't start the investigation",
        "defaultValue": "true",
        "multiline": false,
        "required": true,
        "validationRegex": "",
        "maxLength": 5,
        "minLength": 4,
        "position": 2
      },
      {
        "id": "0aacbde7-f523-4378-95de-3cb910cca048",
        "name": "Close Incident?",
        "helpText": "(true) close incident.",
        "defaultValue": "",
        "multiline": false,
        "required": false,
        "validationRegex": "",
        "maxLength": 2000,
        "minLength": 0,
        "position": 3
      },
      {
        "id": "3c10966f-6880-4525-8b87-f58feec2618c",
        "name": "Close Notes",
        "helpText": "Notes about why the incident was closed.",
        "defaultValue": "",
        "multiline": false,
        "required": false,
        "validationRegex": "",
        "maxLength": 2000,
        "minLength": 0,
        "position": 4
      },
      {
        "id": "20981a57-cd13-4bf6-b6cc-029e00073c4d",
        "name": "Closing User Id",
        "helpText": "Id of user who closed the incident",
        "defaultValue": "",
        "multiline": false,
        "required": false,
        "validationRegex": "",
        "maxLength": 2000,
        "minLength": 0,
        "position": 5
      },
      {
        "id": "8cdd40f5-8a15-4c53-a9fe-ac52f76fd248",
        "name": "Name",
        "helpText": "",
        "defaultValue": "",
        "multiline": false,
        "required": false,
        "validationRegex": "",
        "maxLength": 2000,
        "minLength": 0,
        "position": 6
      },
      {
        "id": "449a9f8e-3273-43c6-8610-194d648152c6",
        "name": "Occurred",
        "helpText": "Date the incident occurred. Formatted like 2020-01-02T15:04:05Z.",
        "defaultValue": "",
        "multiline": false,
        "required": false,
        "validationRegex": "",
        "maxLength": 2000,
        "minLength": 0,
        "position": 7
      },
      {
        "id": "eebfd04c-f0a0-44cd-a69d-633aaa769417",
        "name": "Owner",
        "helpText": "",
        "defaultValue": "",
        "multiline": false,
        "required": false,
        "validationRegex": "",
        "maxLength": 2000,
        "minLength": 0,
        "position": 8
      },
      {
        "id": "e6f7bd13-566b-433a-b58e-27c205e6ca6c",
        "name": "Role",
        "helpText": "",
        "defaultValue": "",
        "multiline": false,
        "required": false,
        "validationRegex": "",
        "maxLength": 2000,
        "minLength": 0,
        "position": 9
      },
      {
        "id": "99b87d30-348e-4803-ba77-4cbed4562e78",
        "name": "Labels",
        "helpText": "List of labels. Formatted like: [{\"type\" : \"string\", \"value\" : \"string\"}, {}, ...],",
        "defaultValue": "",
        "multiline": false,
        "required": false,
        "validationRegex": "",
        "maxLength": 2000,
        "minLength": 0,
        "position": 10
      },
      {
        "id": "10e10065-866f-422f-a172-a21195289458",
        "name": "Phase",
        "helpText": "",
        "defaultValue": "",
        "multiline": false,
        "required": false,
        "validationRegex": "",
        "maxLength": 2000,
        "minLength": 0,
        "position": 11
      },
      {
        "id": "6aa71815-2ade-4aa6-997b-d0ed7522a717",
        "name": "Details",
        "helpText": "",
        "defaultValue": "",
        "multiline": false,
        "required": false,
        "validationRegex": "",
        "maxLength": 2000,
        "minLength": 0,
        "position": 12
      },
      {
        "id": "cf08d13f-fbf5-456a-bf93-7a5c468a0b11",
        "name": "Severity",
        "helpText": "Severity is 0(low) - 4(critical)",
        "defaultValue": "",
        "multiline": false,
        "required": false,
        "validationRegex": "",
        "maxLength": 5,
        "minLength": 0,
        "position": 13
      },
      {
        "id": "28c4e22b-ed36-4fe5-9179-462617bbee16",
        "name": "Type",
        "helpText": "",
        "defaultValue": "",
        "multiline": false,
        "required": false,
        "validationRegex": "",
        "maxLength": 2000,
        "minLength": 0,
        "position": 14
      },
      {
        "id": "ffa8478f-16a8-419a-b35c-391f528d3ec1",
        "name": "Other Fields",
        "helpText": "Any other fields that should be included. Written as JSON, i.e. {\"fieldname\":\"value\", \"anotherfieldname\":\"value}",
        "defaultValue": "",
        "multiline": false,
        "required": false,
        "validationRegex": "",
        "maxLength": 20000,
        "minLength": 0,
        "position": 15
      }
    ],
    "outputs": [],
    "libraries": []
  },
  {
    "id": "0bf26238-4292-4694-9e5f-5d97d0b63310",
    "name": "Inbound from Cortex XSOAR",
    "description": "Parse the inbound payload from the xm-trigger-workflow command.",
    "icon": "https://s3-xmatters-static.s3.amazonaws.com/null/customers/aa4ff4cd-06da-460c-b2d0-bb34ad66da69/IMAGE__20200827212849631__cortexfavicon.png",
    "script": "var payload = JSON.parse(request.body);  //Use this if the payload is a JSON object in the request body\n\nconsole.log(payload);\noutput['recipients']         = request.parameters.recipients;\noutput['subject']            = request.parameters.subject;\noutput['body']               = request.parameters.body;\noutput['parent_playbook_id'] = request.parent_playbook_id;\n\n\nif (request.parameters.incident_id !== undefined) {\n    output['incident_id'] = request.parameters.incident_id;\n    output['has_incident_id'] = true;\n} else {\n    output['has_incident_id'] = false;\n}\n\nif (request.parameters.close_task_id !== undefined) {\n    output['close_task_id'] = request.parameters.close_task_id;\n    output['has_close_task_id'] = true;\n} else {\n    output['has_close_task_id'] = false;\n}",
    "endpointLabel": "",
    "allowedEnvironment": "HOSTED",
    "accessibleByAll": "NotShared",
    "triggerAuthType": "BASIC_AUTH",
    "scriptStepType": "CUSTOM_HTTP",
    "inputs": [],
    "outputs": [
      {
        "id": "cbefe50d-1a0f-4c65-94c7-9fb8c6e519e6",
        "name": "recipients",
        "description": "",
        "position": 0
      },
      {
        "id": "6ee5adee-51a7-44d3-b0c8-d9672211d889",
        "name": "subject",
        "description": "",
        "position": 1
      },
      {
        "id": "23c8d7a7-fcb7-4007-9f96-9760e3c09688",
        "name": "body",
        "description": "",
        "position": 2
      },
      {
        "id": "644df44d-6ab9-49b1-8df2-4012f3526201",
        "name": "incident_id",
        "description": "",
        "position": 3
      },
      {
        "id": "cc85b3cd-46ac-4905-887d-3a4b31a10b73",
        "name": "close_task_id",
        "description": "",
        "position": 4
      },
      {
        "id": "43a22b55-5cb9-4d3f-9504-68fe3652b998",
        "name": "has_incident_id",
        "description": "",
        "position": 5
      },
      {
        "id": "55c6a3e2-de60-44b0-b0df-8e285abe63a4",
        "name": "has_close_task_id",
        "description": "",
        "position": 6
      },
      {
        "id": "f975388b-38eb-4457-b5aa-7d104ac0b179",
        "name": "parent_playbook_id",
        "description": "",
        "position": 7
      }
    ],
    "libraries": []
  }
]